restaurant_code,restaurant_name,category,chain,own_driver,delivery_fee,adv_delivery_time,location
R100,,Burgers,No,No,50,40,Maadi
R101,,Grills,No,No,25,60,New Cairo
R102,,Shawerma,Yes,Yes,40,20,New Cairo
R103,,Burgers,Yes,Yes,30,25,New Cairo
R104,,Pizza,No,Yes,75,40,New Cairo
R105,,Sushi,No,Yes,75,70,Heliopolis
